LineId,Date,Day,Time,Component,Pid,Content
1,Dec,10,06:55:46,LabSZ,24200,reverse mapping checking getaddrinfo for ns.marryaldkfaczcz.com [173.234.31.186] failed - POSSIBLE BREAK-IN ATTEMPT!
2,Dec,10,06:55:46,LabSZ,24200,Invalid user webmaster from 173.234.31.186
3,Dec,10,06:55:46,LabSZ,24200,input_userauth_request: invalid user webmaster [preauth]
4,Dec,10,06:55:46,LabSZ,24200,pam_unix(sshd:auth): check pass; user unknown
5,Dec,10,06:55:46,LabSZ,24200,pam_unix(sshd:auth): authentication failure; logname= uid=0 euid=0 tty=ssh ruser= rhost=173.234.31.186
6,Dec,10,06:55:48,LabSZ,24200,Failed password for invalid user webmaster from 173.234.31.186 port 38926 ssh2
7,Dec,10,06:55:48,LabSZ,24200,Connection closed by 173.234.31.186 [preauth]
8,Dec,10,07:02:47,LabSZ,24203,Connection closed by 212.47.254.145 [preauth]
9,Dec,10,07:07:38,LabSZ,24206,Invalid user test9 from 52.80.34.196
10,Dec,10,07:07:38,LabSZ,24206,input_userauth_request: invalid user test9 [preauth]
11,Dec,10,07:07:38,LabSZ,24206,pam_unix(sshd:auth): check pass; user unknown
12,Dec,10,07:07:38,LabSZ,24206,pam_unix(sshd:auth): authentication failure; logname= uid=0 euid=0 tty=ssh ruser= rhost=ec2-52-80-34-196.cn-north-1.compute.amazonaws.com.cn
13,Dec,10,07:07:45,LabSZ,24206,Failed password for invalid user test9 from 52.80.34.196 port 36060 ssh2
14,Dec,10,07:07:45,LabSZ,24206,Received disconnect from 52.80.34.196: 11: Bye Bye [preauth]
15,Dec,10,07:08:28,LabSZ,24208,reverse mapping checking getaddrinfo for ns.marryaldkfaczcz.com [173.234.31.186] failed - POSSIBLE BREAK-IN ATTEMPT!
16,Dec,10,07:08:28,LabSZ,24208,Invalid user webmaster from 173.234.31.186
17,Dec,10,07:08:28,LabSZ,24208,input_userauth_request: invalid user webmaster [preauth]
18,Dec,10,07:08:28,LabSZ,24208,pam_unix(sshd:auth): check pass; user unknown
19,Dec,10,07:08:28,LabSZ,24208,pam_unix(sshd:auth): authentication failure; logname= uid=0 euid=0 tty=ssh ruser= rhost=173.234.31.186
20,Dec,10,07:08:30,LabSZ,24208,Failed password for invalid user webmaster from 173.234.31.186 port 39257 ssh2
21,Dec,10,07:08:30,LabSZ,24208,Connection closed by 173.234.31.186 [preauth]
22,Dec,10,07:11:42,LabSZ,24224,Invalid user chen from 202.100.179.208
23,Dec,10,07:11:42,LabSZ,24224,input_userauth_request: invalid user chen [preauth]
24,Dec,10,07:11:42,LabSZ,24224,pam_unix(sshd:auth): check pass; user unknown
25,Dec,10,07:11:42,LabSZ,24224,pam_unix(sshd:auth): authentication failure; logname= uid=0 euid=0 tty=ssh ruser= rhost=202.100.179.208
26,Dec,10,07:11:44,LabSZ,24224,Failed password for invalid user chen from 202.100.179.208 port 32484 ssh2
27,Dec,10,07:11:44,LabSZ,24224,Received disconnect from 202.100.179.208: 11: Bye Bye [preauth]
28,Dec,10,07:13:31,LabSZ,24227,pam_unix(sshd:auth): authentication failure; logname= uid=0 euid=0 tty=ssh ruser= rhost=5.36.59.76.dynamic-dsl-ip.omantel.net.om  user=root
29,Dec,10,07:13:43,LabSZ,24227,Failed password for root from 5.36.59.76 port 42393 ssh2
30,Dec,10,07:13:56,LabSZ,24227,message repeated 5 times: [ Failed password for root from 5.36.59.76 port 42393 ssh2]
31,Dec,10,07:13:56,LabSZ,24227,Disconnecting: Too many authentication failures for root [preauth]
32,Dec,10,07:13:56,LabSZ,24227,PAM 5 more authentication failures; logname= uid=0 euid=0 tty=ssh ruser= rhost=5.36.59.76.dynamic-dsl-ip.omantel.net.om  user=root
33,Dec,10,07:13:56,LabSZ,24227,PAM service(sshd) ignoring max retries; 6 > 3
34,Dec,10,07:27:50,LabSZ,24235,pam_unix(sshd:auth): authentication failure; logname= uid=0 euid=0 tty=ssh ruser= rhost=112.95.230.3  user=root
35,Dec,10,07:27:52,LabSZ,24235,Failed password for root from 112.95.230.3 port 45378 ssh2
36,Dec,10,07:27:52,LabSZ,24235,Received disconnect from 112.95.230.3: 11: Bye Bye [preauth]
37,Dec,10,07:27:53,LabSZ,24237,pam_unix(sshd:auth): authentication failure; logname= uid=0 euid=0 tty=ssh ruser= rhost=112.95.230.3  user=root
38,Dec,10,07:27:55,LabSZ,24237,Failed password for root from 112.95.230.3 port 47068 ssh2
39,Dec,10,07:27:55,LabSZ,24237,Received disconnect from 112.95.230.3: 11: Bye Bye [preauth]
40,Dec,10,07:27:55,LabSZ,24239,pam_unix(sshd:auth): authentication failure; logname= uid=0 euid=0 tty=ssh ruser= rhost=112.95.230.3  user=root
41,Dec,10,07:27:58,LabSZ,24239,Failed password for root from 112.95.230.3 port 49188 ssh2
42,Dec,10,07:27:58,LabSZ,24239,Received disconnect from 112.95.230.3: 11: Bye Bye [preauth]
43,Dec,10,07:27:58,LabSZ,24241,pam_unix(sshd:auth): authentication failure; logname= uid=0 euid=0 tty=ssh ruser= rhost=112.95.230.3  user=root
44,Dec,10,07:28:00,LabSZ,24241,Failed password for root from 112.95.230.3 port 50999 ssh2
45,Dec,10,07:28:00,LabSZ,24241,Received disconnect from 112.95.230.3: 11: Bye Bye [preauth]
46,Dec,10,07:28:01,LabSZ,24243,pam_unix(sshd:auth): authentication failure; logname= uid=0 euid=0 tty=ssh ruser= rhost=112.95.230.3  user=root
47,Dec,10,07:28:03,LabSZ,24243,Failed password for root from 112.95.230.3 port 52660 ssh2
48,Dec,10,07:28:03,LabSZ,24243,Received disconnect from 112.95.230.3: 11: Bye Bye [preauth]
49,Dec,10,07:28:03,LabSZ,24245,Invalid user pgadmin from 112.95.230.3
50,Dec,10,07:28:03,LabSZ,24245,input_userauth_request: invalid user pgadmin [preauth]
51,Dec,10,07:28:03,LabSZ,24245,pam_unix(sshd:auth): check pass; user unknown
52,Dec,10,07:28:03,LabSZ,24245,pam_unix(sshd:auth): authentication failure; logname= uid=0 euid=0 tty=ssh ruser= rhost=112.95.230.3
53,Dec,10,07:28:05,LabSZ,24245,Failed password for invalid user pgadmin from 112.95.230.3 port 54087 ssh2
54,Dec,10,07:28:05,LabSZ,24245,Received disconnect from 112.95.230.3: 11: Bye Bye [preauth]
55,Dec,10,07:28:06,LabSZ,24247,pam_unix(sshd:auth): authentication failure; logname= uid=0 euid=0 tty=ssh ruser= rhost=112.95.230.3  user=root
56,Dec,10,07:28:08,LabSZ,24247,Failed password for root from 112.95.230.3 port 55618 ssh2
57,Dec,10,07:28:08,LabSZ,24247,Received disconnect from 112.95.230.3: 11: Bye Bye [preauth]
58,Dec,10,07:28:08,LabSZ,24249,pam_unix(sshd:auth): authentication failure; logname= uid=0 euid=0 tty=ssh ruser= rhost=112.95.230.3  user=root
59,Dec,10,07:28:10,LabSZ,24249,Failed password for root from 112.95.230.3 port 57138 ssh2
60,Dec,10,07:28:10,LabSZ,24249,Received disconnect from 112.95.230.3: 11: Bye Bye [preauth]
61,Dec,10,07:28:10,LabSZ,24251,pam_unix(sshd:auth): authentication failure; logname= uid=0 euid=0 tty=ssh ruser= rhost=112.95.230.3  user=root
62,Dec,10,07:28:12,LabSZ,24251,Failed password for root from 112.95.230.3 port 58304 ssh2
63,Dec,10,07:28:12,LabSZ,24251,Received disconnect from 112.95.230.3: 11: Bye Bye [preauth]
64,Dec,10,07:28:12,LabSZ,24253,pam_unix(sshd:auth): authentication failure; logname= uid=0 euid=0 tty=ssh ruser= rhost=112.95.230.3  user=root
65,Dec,10,07:28:14,LabSZ,24253,Failed password for root from 112.95.230.3 port 59849 ssh2
66,Dec,10,07:28:14,LabSZ,24253,Received disconnect from 112.95.230.3: 11: Bye Bye [preauth]
67,Dec,10,07:28:14,LabSZ,24255,pam_unix(sshd:auth): authentication failure; logname= uid=0 euid=0 tty=ssh ruser= rhost=112.95.230.3  user=root
68,Dec,10,07:28:16,LabSZ,24255,Failed password for root from 112.95.230.3 port 32977 ssh2
69,Dec,10,07:28:16,LabSZ,24255,Received disconnect from 112.95.230.3: 11: Bye Bye [preauth]
70,Dec,10,07:28:16,LabSZ,24257,pam_unix(sshd:auth): authentication failure; logname= uid=0 euid=0 tty=ssh ruser= rhost=112.95.230.3  user=root
71,Dec,10,07:28:18,LabSZ,24257,Failed password for root from 112.95.230.3 port 35113 ssh2
72,Dec,10,07:28:18,LabSZ,24257,Received disconnect from 112.95.230.3: 11: Bye Bye [preauth]
73,Dec,10,07:28:19,LabSZ,24259,pam_unix(sshd:auth): authentication failure; logname= uid=0 euid=0 tty=ssh ruser= rhost=112.95.230.3  user=root
74,Dec,10,07:28:21,LabSZ,24259,Failed password for root from 112.95.230.3 port 37035 ssh2
75,Dec,10,07:28:21,LabSZ,24259,Received disconnect from 112.95.230.3: 11: Bye Bye [preauth]
76,Dec,10,07:28:21,LabSZ,24261,pam_unix(sshd:auth): authentication failure; logname= uid=0 euid=0 tty=ssh ruser= rhost=112.95.230.3  user=root
77,Dec,10,07:28:23,LabSZ,24261,Failed password for root from 112.95.230.3 port 39041 ssh2
78,Dec,10,07:28:23,LabSZ,24261,Received disconnect from 112.95.230.3: 11: Bye Bye [preauth]
79,Dec,10,07:28:23,LabSZ,24263,pam_unix(sshd:auth): authentication failure; logname= uid=0 euid=0 tty=ssh ruser= rhost=112.95.230.3  user=root
80,Dec,10,07:28:25,LabSZ,24263,Failed password for root from 112.95.230.3 port 40388 ssh2
81,Dec,10,07:28:25,LabSZ,24263,Received disconnect from 112.95.230.3: 11: Bye Bye [preauth]
82,Dec,10,07:28:25,LabSZ,24265,Invalid user utsims from 112.95.230.3
83,Dec,10,07:28:25,LabSZ,24265,input_userauth_request: invalid user utsims [preauth]
84,Dec,10,07:28:25,LabSZ,24265,pam_unix(sshd:auth): check pass; user unknown
85,Dec,10,07:28:25,LabSZ,24265,pam_unix(sshd:auth): authentication failure; logname= uid=0 euid=0 tty=ssh ruser= rhost=112.95.230.3
86,Dec,10,07:28:28,LabSZ,24265,Failed password for invalid user utsims from 112.95.230.3 port 41506 ssh2
87,Dec,10,07:28:28,LabSZ,24265,Received disconnect from 112.95.230.3: 11: Bye Bye [preauth]
88,Dec,10,07:28:28,LabSZ,24267,pam_unix(sshd:auth): authentication failure; logname= uid=0 euid=0 tty=ssh ruser= rhost=112.95.230.3  user=root
89,Dec,10,07:28:30,LabSZ,24267,Failed password for root from 112.95.230.3 port 42881 ssh2
90,Dec,10,07:28:30,LabSZ,24267,Received disconnect from 112.95.230.3: 11: Bye Bye [preauth]
91,Dec,10,07:28:31,LabSZ,24269,pam_unix(sshd:auth): authentication failure; logname= uid=0 euid=0 tty=ssh ruser= rhost=112.95.230.3  user=root
92,Dec,10,07:28:33,LabSZ,24269,Failed password for root from 112.95.230.3 port 43981 ssh2
93,Dec,10,07:28:33,LabSZ,24269,Received disconnect from 112.95.230.3: 11: Bye Bye [preauth]
94,Dec,10,07:28:33,LabSZ,24271,pam_unix(sshd:auth): authentication failure; logname= uid=0 euid=0 tty=ssh ruser= rhost=112.95.230.3  user=root
95,Dec,10,07:28:35,LabSZ,24271,Failed password for root from 112.95.230.3 port 44900 ssh2
96,Dec,10,07:28:35,LabSZ,24271,Received disconnect from 112.95.230.3: 11: Bye Bye [preauth]
97,Dec,10,07:28:35,LabSZ,24273,pam_unix(sshd:auth): authentication failure; logname= uid=0 euid=0 tty=ssh ruser= rhost=112.95.230.3  user=root
98,Dec,10,07:28:37,LabSZ,24273,Failed password for root from 112.95.230.3 port 45699 ssh2
99,Dec,10,07:28:37,LabSZ,24273,Received disconnect from 112.95.230.3: 11: Bye Bye [preauth]
100,Dec,10,07:28:37,LabSZ,24275,pam_unix(sshd:auth): authentication failure; logname= uid=0 euid=0 tty=ssh ruser= rhost=112.95.230.3  user=root
101,Dec,10,07:28:39,LabSZ,24275,Failed password for root from 112.95.230.3 port 46577 ssh2
102,Dec,10,07:28:39,LabSZ,24275,Received disconnect from 112.95.230.3: 11: Bye Bye [preauth]
103,Dec,10,07:28:40,LabSZ,24277,pam_unix(sshd:auth): authentication failure; logname= uid=0 euid=0 tty=ssh ruser= rhost=112.95.230.3  user=root
104,Dec,10,07:28:42,LabSZ,24277,Failed password for root from 112.95.230.3 port 47836 ssh2
105,Dec,10,07:28:42,LabSZ,24277,Received disconnect from 112.95.230.3: 11: Bye Bye [preauth]
106,Dec,10,07:28:42,LabSZ,24279,pam_unix(sshd:auth): authentication failure; logname= uid=0 euid=0 tty=ssh ruser= rhost=112.95.230.3  user=root
107,Dec,10,07:28:44,LabSZ,24279,Failed password for root from 112.95.230.3 port 49133 ssh2
108,Dec,10,07:28:44,LabSZ,24279,Received disconnect from 112.95.230.3: 11: Bye Bye [preauth]
109,Dec,10,07:28:45,LabSZ,24281,pam_unix(sshd:auth): authentication failure; logname= uid=0 euid=0 tty=ssh ruser= rhost=112.95.230.3  user=root
110,Dec,10,07:28:46,LabSZ,24281,Failed password for root from 112.95.230.3 port 50655 ssh2
111,Dec,10,07:28:46,LabSZ,24281,Received disconnect from 112.95.230.3: 11: Bye Bye [preauth]
112,Dec,10,07:28:47,LabSZ,24283,pam_unix(sshd:auth): authentication failure; logname= uid=0 euid=0 tty=ssh ruser= rhost=112.95.230.3  user=root
113,Dec,10,07:28:49,LabSZ,24283,Failed password for root from 112.95.230.3 port 51982 ssh2
114,Dec,10,07:28:49,LabSZ,24283,Received disconnect from 112.95.230.3: 11: Bye Bye [preauth]
115,Dec,10,07:28:49,LabSZ,24285,pam_unix(sshd:auth): authentication failure; logname= uid=0 euid=0 tty=ssh ruser= rhost=112.95.230.3  user=root
116,Dec,10,07:28:51,LabSZ,24285,Failed password for root from 112.95.230.3 port 53584 ssh2
117,Dec,10,07:28:51,LabSZ,24285,Received disconnect from 112.95.230.3: 11: Bye Bye [preauth]
118,Dec,10,07:32:24,LabSZ,24287,pam_unix(sshd:auth): authentication failure; logname= uid=0 euid=0 tty=ssh ruser= rhost=123.235.32.19  user=root
119,Dec,10,07:32:27,LabSZ,24287,Failed password for root from 123.235.32.19 port 40652 ssh2
120,Dec,10,07:32:27,LabSZ,24287,Received disconnect from 123.235.32.19: 11: Bye Bye [preauth]
121,Dec,10,07:32:27,LabSZ,24289,pam_unix(sshd:auth): authentication failure; logname= uid=0 euid=0 tty=ssh ruser= rhost=123.235.32.19  user=root
122,Dec,10,07:32:29,LabSZ,24289,Failed password for root from 123.235.32.19 port 49720 ssh2
123,Dec,10,07:32:29,LabSZ,24289,Received disconnect from 123.235.32.19: 11: Bye Bye [preauth]
124,Dec,10,07:33:58,LabSZ,24291,pam_unix(sshd:auth): authentication failure; logname= uid=0 euid=0 tty=ssh ruser= rhost=123.235.32.19  user=root
125,Dec,10,07:34:00,LabSZ,24291,Failed password for root from 123.235.32.19 port 45568 ssh2
126,Dec,10,07:34:00,LabSZ,24291,Received disconnect from 123.235.32.19: 11: Bye Bye [preauth]
127,Dec,10,07:34:02,LabSZ,24293,pam_unix(sshd:auth): authentication failure; logname= uid=0 euid=0 tty=ssh ruser= rhost=123.235.32.19  user=root
128,Dec,10,07:34:04,LabSZ,24293,Failed password for root from 123.235.32.19 port 48588 ssh2
129,Dec,10,07:34:06,LabSZ,24293,Received disconnect from 123.235.32.19: 11: Bye Bye [preauth]
130,Dec,10,07:34:07,LabSZ,24295,pam_unix(sshd:auth): authentication failure; logname= uid=0 euid=0 tty=ssh ruser= rhost=123.235.32.19  user=root
131,Dec,10,07:34:10,LabSZ,24295,Failed password for root from 123.235.32.19 port 50950 ssh2
132,Dec,10,07:34:10,LabSZ,24295,Received disconnect from 123.235.32.19: 11: Bye Bye [preauth]
133,Dec,10,07:34:13,LabSZ,24297,pam_unix(sshd:auth): authentication failure; logname= uid=0 euid=0 tty=ssh ruser= rhost=123.235.32.19  user=root
134,Dec,10,07:34:15,LabSZ,24297,Failed password for root from 123.235.32.19 port 54024 ssh2
135,Dec,10,07:34:15,LabSZ,24297,Received disconnect from 123.235.32.19: 11: Bye Bye [preauth]
136,Dec,10,07:34:21,LabSZ,24299,pam_unix(sshd:auth): authentication failure; logname= uid=0 euid=0 tty=ssh ruser= rhost=123.235.32.19  user=root
137,Dec,10,07:34:23,LabSZ,24299,Failed password for root from 123.235.32.19 port 57100 ssh2
138,Dec,10,07:34:24,LabSZ,24299,Received disconnect from 123.235.32.19: 11: Bye Bye [preauth]
139,Dec,10,07:34:33,LabSZ,24301,Did not receive identification string from 123.235.32.19
140,Dec,10,07:35:15,LabSZ,24303,Did not receive identification string from 177.79.82.136
141,Dec,10,07:42:49,LabSZ,24318,Invalid user inspur from 183.136.162.51
142,Dec,10,07:42:49,LabSZ,24318,input_userauth_request: invalid user inspur [preauth]
143,Dec,10,07:42:49,LabSZ,24318,pam_unix(sshd:auth): check pass; user unknown
144,Dec,10,07:42:49,LabSZ,24318,pam_unix(sshd:auth): authentication failure; logname= uid=0 euid=0 tty=ssh ruser= rhost=183.136.162.51
145,Dec,10,07:42:51,LabSZ,24318,Failed password for invalid user inspur from 183.136.162.51 port 55204 ssh2
146,Dec,10,07:42:51,LabSZ,24318,Received disconnect from 183.136.162.51: 11: Bye Bye [preauth]
147,Dec,10,07:48:00,LabSZ,24321,reverse mapping checking getaddrinfo for 191-210-223-172.user.vivozap.com.br [191.210.223.172] failed - POSSIBLE BREAK-IN ATTEMPT!
148,Dec,10,07:48:00,LabSZ,24321,pam_unix(sshd:auth): authentication failure; logname= uid=0 euid=0 tty=ssh ruser= rhost=191.210.223.172  user=root
149,Dec,10,07:48:03,LabSZ,24321,Failed password for root from 191.210.223.172 port 31473 ssh2
150,Dec,10,07:48:03,LabSZ,24321,Connection closed by 191.210.223.172 [preauth]
151,Dec,10,07:51:09,LabSZ,24323,Did not receive identification string from 195.154.37.122
152,Dec,10,07:51:12,LabSZ,24324,reverse mapping checking getaddrinfo for 195-154-37-122.rev.poneytelecom.eu [195.154.37.122] failed - POSSIBLE BREAK-IN ATTEMPT!
153,Dec,10,07:51:12,LabSZ,24324,Invalid user support from 195.154.37.122
154,Dec,10,07:51:12,LabSZ,24324,input_userauth_request: invalid user support [preauth]
155,Dec,10,07:51:12,LabSZ,24324,pam_unix(sshd:auth): check pass; user unknown
156,Dec,10,07:51:12,LabSZ,24324,pam_unix(sshd:auth): authentication failure; logname= uid=0 euid=0 tty=ssh ruser= rhost=195.154.37.122
157,Dec,10,07:51:15,LabSZ,24324,Failed password for invalid user support from 195.154.37.122 port 56539 ssh2
158,Dec,10,07:51:15,LabSZ,24324,error: Received disconnect from 195.154.37.122: 3: com.jcraft.jsch.JSchException: Auth fail [preauth]
159,Dec,10,07:51:17,LabSZ,24326,reverse mapping checking getaddrinfo for 195-154-37-122.rev.poneytelecom.eu [195.154.37.122] failed - POSSIBLE BREAK-IN ATTEMPT!
160,Dec,10,07:51:18,LabSZ,24326,pam_unix(sshd:auth): authentication failure; logname= uid=0 euid=0 tty=ssh ruser= rhost=195.154.37.122  user=uucp
161,Dec,10,07:51:20,LabSZ,24326,Failed password for uucp from 195.154.37.122 port 59266 ssh2
162,Dec,10,07:51:20,LabSZ,24326,error: Received disconnect from 195.154.37.122: 3: com.jcraft.jsch.JSchException: Auth fail [preauth]
163,Dec,10,07:53:26,LabSZ,24329,Connection closed by 194.190.163.22 [preauth]
164,Dec,10,07:55:55,LabSZ,24331,Invalid user test from 52.80.34.196
165,Dec,10,07:55:55,LabSZ,24331,input_userauth_request: invalid user test [preauth]
166,Dec,10,07:55:55,LabSZ,24331,pam_unix(sshd:auth): check pass; user unknown
167,Dec,10,07:55:55,LabSZ,24331,pam_unix(sshd:auth): authentication failure; logname= uid=0 euid=0 tty=ssh ruser= rhost=ec2-52-80-34-196.cn-north-1.compute.amazonaws.com.cn
168,Dec,10,07:56:02,LabSZ,24331,Failed password for invalid user test from 52.80.34.196 port 36060 ssh2
169,Dec,10,07:56:02,LabSZ,24331,Received disconnect from 52.80.34.196: 11: Bye Bye [preauth]
170,Dec,10,07:56:13,LabSZ,24333,Did not receive identification string from 103.207.39.165
171,Dec,10,07:56:14,LabSZ,24334,Invalid user support from 103.207.39.165
172,Dec,10,07:56:14,LabSZ,24334,input_userauth_request: invalid user support [preauth]
173,Dec,10,07:56:14,LabSZ,24334,pam_unix(sshd:auth): check pass; user unknown
174,Dec,10,07:56:14,LabSZ,24334,pam_unix(sshd:auth): authentication failure; logname= uid=0 euid=0 tty=ssh ruser= rhost=103.207.39.165
175,Dec,10,07:56:15,LabSZ,24334,Failed password for invalid user support from 103.207.39.165 port 58158 ssh2
176,Dec,10,07:56:15,LabSZ,24334,Received disconnect from 103.207.39.165: 11: Closed due to user request. [preauth]
177,Dec,10,08:07:00,LabSZ,24336,Connection closed by 194.190.163.22 [preauth]
178,Dec,10,08:08:41,LabSZ,24338,Invalid user inspur from 175.102.13.6
179,Dec,10,08:08:41,LabSZ,24338,input_userauth_request: invalid user inspur [preauth]
180,Dec,10,08:08:41,LabSZ,24338,pam_unix(sshd:auth): check pass; user unknown
181,Dec,10,08:08:41,LabSZ,24338,pam_unix(sshd:auth): authentication failure; logname= uid=0 euid=0 tty=ssh ruser= rhost=175.102.13.6
182,Dec,10,08:08:43,LabSZ,24338,Failed password for invalid user inspur from 175.102.13.6 port 47130 ssh2
183,Dec,10,08:08:43,LabSZ,24338,Received disconnect from 175.102.13.6: 11: Bye Bye [preauth]
184,Dec,10,08:20:23,LabSZ,24358,Connection closed by 194.190.163.22 [preauth]
185,Dec,10,08:24:32,LabSZ,24361,Invalid user  0101 from 5.188.10.180
186,Dec,10,08:24:32,LabSZ,24361,input_userauth_request: invalid user  0101 [preauth]
187,Dec,10,08:24:32,LabSZ,24361,pam_unix(sshd:auth): check pass; user unknown
188,Dec,10,08:24:32,LabSZ,24361,pam_unix(sshd:auth): authentication failure; logname= uid=0 euid=0 tty=ssh ruser= rhost=5.188.10.180
189,Dec,10,08:24:35,LabSZ,24361,Failed password for invalid user  0101 from 5.188.10.180 port 36279 ssh2
190,Dec,10,08:24:36,LabSZ,24361,Connection closed by 5.188.10.180 [preauth]
191,Dec,10,08:24:40,LabSZ,24363,Invalid user 0 from 5.188.10.180
192,Dec,10,08:24:40,LabSZ,24363,input_userauth_request: invalid user 0 [preauth]
193,Dec,10,08:24:40,LabSZ,24363,Failed none for invalid user 0 from 5.188.10.180 port 49811 ssh2
194,Dec,10,08:24:43,LabSZ,24363,pam_unix(sshd:auth): check pass; user unknown
195,Dec,10,08:24:43,LabSZ,24363,pam_unix(sshd:auth): authentication failure; logname= uid=0 euid=0 tty=ssh ruser= rhost=5.188.10.180
196,Dec,10,08:24:45,LabSZ,24363,Failed password for invalid user 0 from 5.188.10.180 port 49811 ssh2
197,Dec,10,08:24:46,LabSZ,24363,Connection closed by 5.188.10.180 [preauth]
198,Dec,10,08:24:50,LabSZ,24365,Invalid user 1234 from 5.188.10.180
199,Dec,10,08:24:50,LabSZ,24365,input_userauth_request: invalid user 1234 [preauth]
200,Dec,10,08:24:50,LabSZ,24365,pam_unix(sshd:auth): check pass; user unknown
201,Dec,10,08:24:50,LabSZ,24365,pam_unix(sshd:auth): authentication failure; logname= uid=0 euid=0 tty=ssh ruser= rhost=5.188.10.180
202,Dec,10,08:24:52,LabSZ,24365,Failed password for invalid user 1234 from 5.188.10.180 port 45541 ssh2
203,Dec,10,08:24:54,LabSZ,24365,Connection closed by 5.188.10.180 [preauth]
204,Dec,10,08:24:58,LabSZ,24367,Invalid user admin from 5.188.10.180
205,Dec,10,08:24:58,LabSZ,24367,input_userauth_request: invalid user admin [preauth]
206,Dec,10,08:24:58,LabSZ,24367,Failed none for invalid user admin from 5.188.10.180 port 52631 ssh2
207,Dec,10,08:24:59,LabSZ,24367,Connection closed by 5.188.10.180 [preauth]
208,Dec,10,08:25:06,LabSZ,24369,Invalid user admin from 5.188.10.180
209,Dec,10,08:25:06,LabSZ,24369,input_userauth_request: invalid user admin [preauth]
210,Dec,10,08:25:06,LabSZ,24369,pam_unix(sshd:auth): check pass; user unknown
211,Dec,10,08:25:06,LabSZ,24369,pam_unix(sshd:auth): authentication failure; logname= uid=0 euid=0 tty=ssh ruser= rhost=5.188.10.180
212,Dec,10,08:25:08,LabSZ,24369,Failed password for invalid user admin from 5.188.10.180 port 60682 ssh2
213,Dec,10,08:25:10,LabSZ,24369,pam_unix(sshd:auth): check pass; user unknown
214,Dec,10,08:25:11,LabSZ,24369,Failed password for invalid user admin from 5.188.10.180 port 60682 ssh2
215,Dec,10,08:25:13,LabSZ,24369,pam_unix(sshd:auth): check pass; user unknown
216,Dec,10,08:25:15,LabSZ,24369,Failed password for invalid user admin from 5.188.10.180 port 60682 ssh2
217,Dec,10,08:25:16,LabSZ,24369,pam_unix(sshd:auth): check pass; user unknown
218,Dec,10,08:25:18,LabSZ,24369,Failed password for invalid user admin from 5.188.10.180 port 60682 ssh2
219,Dec,10,08:25:19,LabSZ,24369,pam_unix(sshd:auth): check pass; user unknown
220,Dec,10,08:25:21,LabSZ,24369,Failed password for invalid user admin from 5.188.10.180 port 60682 ssh2
221,Dec,10,08:25:22,LabSZ,24369,Connection closed by 5.188.10.180 [preauth]
222,Dec,10,08:25:22,LabSZ,24369,PAM 4 more authentication failures; logname= uid=0 euid=0 tty=ssh ruser= rhost=5.188.10.180
223,Dec,10,08:25:22,LabSZ,24369,PAM service(sshd) ignoring max retries; 5 > 3
224,Dec,10,08:25:27,LabSZ,24371,Invalid user admin from 5.188.10.180
225,Dec,10,08:25:27,LabSZ,24371,input_userauth_request: invalid user admin [preauth]
226,Dec,10,08:25:27,LabSZ,24371,pam_unix(sshd:auth): check pass; user unknown
227,Dec,10,08:25:27,LabSZ,24371,pam_unix(sshd:auth): authentication failure; logname= uid=0 euid=0 tty=ssh ruser= rhost=5.188.10.180
228,Dec,10,08:25:28,LabSZ,24371,Failed password for invalid user admin from 5.188.10.180 port 59647 ssh2
229,Dec,10,08:25:30,LabSZ,24371,pam_unix(sshd:auth): check pass; user unknown
230,Dec,10,08:25:32,LabSZ,24371,Failed password for invalid user admin from 5.188.10.180 port 59647 ssh2
231,Dec,10,08:25:33,LabSZ,24371,pam_unix(sshd:auth): check pass; user unknown
232,Dec,10,08:25:35,LabSZ,24371,Failed password for invalid user admin from 5.188.10.180 port 59647 ssh2
233,Dec,10,08:25:36,LabSZ,24371,pam_unix(sshd:auth): check pass; user unknown
234,Dec,10,08:25:38,LabSZ,24371,Failed password for invalid user admin from 5.188.10.180 port 59647 ssh2
235,Dec,10,08:25:39,LabSZ,24371,pam_unix(sshd:auth): check pass; user unknown
236,Dec,10,08:25:41,LabSZ,24371,Failed password for invalid user admin from 5.188.10.180 port 59647 ssh2
237,Dec,10,08:25:41,LabSZ,24371,Connection closed by 5.188.10.180 [preauth]
238,Dec,10,08:25:41,LabSZ,24371,PAM 4 more authentication failures; logname= uid=0 euid=0 tty=ssh ruser= rhost=5.188.10.180
239,Dec,10,08:25:41,LabSZ,24371,PAM service(sshd) ignoring max retries; 5 > 3
240,Dec,10,08:25:48,LabSZ,24373,Invalid user admin from 5.188.10.180
241,Dec,10,08:25:48,LabSZ,24373,input_userauth_request: invalid user admin [preauth]
242,Dec,10,08:25:48,LabSZ,24373,pam_unix(sshd:auth): check pass; user unknown
243,Dec,10,08:25:48,LabSZ,24373,pam_unix(sshd:auth): authentication failure; logname= uid=0 euid=0 tty=ssh ruser= rhost=5.188.10.180
244,Dec,10,08:25:50,LabSZ,24373,Failed password for invalid user admin from 5.188.10.180 port 56345 ssh2
245,Dec,10,08:25:51,LabSZ,24373,Connection closed by 5.188.10.180 [preauth]
246,Dec,10,08:25:58,LabSZ,24375,Invalid user default from 5.188.10.180
247,Dec,10,08:25:58,LabSZ,24375,input_userauth_request: invalid user default [preauth]
248,Dec,10,08:25:58,LabSZ,24375,pam_unix(sshd:auth): check pass; user unknown
249,Dec,10,08:25:58,LabSZ,24375,pam_unix(sshd:auth): authentication failure; logname= uid=0 euid=0 tty=ssh ruser= rhost=5.188.10.180
250,Dec,10,08:26:00,LabSZ,24375,Failed password for invalid user default from 5.188.10.180 port 41538 ssh2
251,Dec,10,08:26:01,LabSZ,24375,pam_unix(sshd:auth): check pass; user unknown
252,Dec,10,08:26:03,LabSZ,24375,Failed password for invalid user default from 5.188.10.180 port 41538 ssh2
253,Dec,10,08:26:04,LabSZ,24375,Connection closed by 5.188.10.180 [preauth]
254,Dec,10,08:26:04,LabSZ,24375,PAM 1 more authentication failure; logname= uid=0 euid=0 tty=ssh ruser= rhost=5.188.10.180
255,Dec,10,08:26:09,LabSZ,24377,pam_unix(sshd:auth): authentication failure; logname= uid=0 euid=0 tty=ssh ruser= rhost=5.188.10.180  user=ftp
256,Dec,10,08:26:12,LabSZ,24377,Failed password for ftp from 5.188.10.180 port 54715 ssh2
257,Dec,10,08:26:14,LabSZ,24377,Connection closed by 5.188.10.180 [preauth]
258,Dec,10,08:26:22,LabSZ,24379,Invalid user guest from 5.188.10.180
259,Dec,10,08:26:22,LabSZ,24379,input_userauth_request: invalid user guest [preauth]
260,Dec,10,08:26:22,LabSZ,24379,pam_unix(sshd:auth): check pass; user unknown
261,Dec,10,08:26:22,LabSZ,24379,pam_unix(sshd:auth): authentication failure; logname= uid=0 euid=0 tty=ssh ruser= rhost=5.188.10.180
262,Dec,10,08:26:24,LabSZ,24379,Failed password for invalid user guest from 5.188.10.180 port 47337 ssh2
263,Dec,10,08:26:25,LabSZ,24379,Connection closed by 5.188.10.180 [preauth]
264,Dec,10,08:26:32,LabSZ,24381,Connection closed by 5.188.10.180 [preauth]
265,Dec,10,08:26:40,LabSZ,24383,Did not receive identification string from 5.188.10.180
266,Dec,10,08:33:23,LabSZ,24384,Did not receive identification string from 103.207.39.212
267,Dec,10,08:33:24,LabSZ,24385,Invalid user support from 103.207.39.212
268,Dec,10,08:33:24,LabSZ,24385,input_userauth_request: invalid user support [preauth]
269,Dec,10,08:33:24,LabSZ,24385,pam_unix(sshd:auth): check pass; user unknown
270,Dec,10,08:33:24,LabSZ,24385,pam_unix(sshd:auth): authentication failure; logname= uid=0 euid=0 tty=ssh ruser= rhost=103.207.39.212
271,Dec,10,08:33:26,LabSZ,24385,Failed password for invalid user support from 103.207.39.212 port 52644 ssh2
272,Dec,10,08:33:26,LabSZ,24385,Received disconnect from 103.207.39.212: 11: Closed due to user request. [preauth]
273,Dec,10,08:33:27,LabSZ,24387,pam_unix(sshd:auth): authentication failure; logname= uid=0 euid=0 tty=ssh ruser= rhost=103.207.39.212  user=uucp
274,Dec,10,08:33:29,LabSZ,24387,Failed password for uucp from 103.207.39.212 port 51528 ssh2
275,Dec,10,08:33:29,LabSZ,24387,Received disconnect from 103.207.39.212: 11: Closed due to user request. [preauth]
276,Dec,10,08:33:29,LabSZ,24389,Invalid user admin from 103.207.39.212
277,Dec,10,08:33:29,LabSZ,24389,input_userauth_request: invalid user admin [preauth]
278,Dec,10,08:33:29,LabSZ,24389,pam_unix(sshd:auth): check pass; user unknown
279,Dec,10,08:33:29,LabSZ,24389,pam_unix(sshd:auth): authentication failure; logname= uid=0 euid=0 tty=ssh ruser= rhost=103.207.39.212
280,Dec,10,08:33:31,LabSZ,24389,Failed password for invalid user admin from 103.207.39.212 port 58447 ssh2
281,Dec,10,08:33:31,LabSZ,24389,Received disconnect from 103.207.39.212: 11: Closed due to user request. [preauth]
282,Dec,10,08:33:40,LabSZ,24391,Connection closed by 194.190.163.22 [preauth]
283,Dec,10,08:39:47,LabSZ,24408,pam_unix(sshd:auth): authentication failure; logname= uid=0 euid=0 tty=ssh ruser= rhost=106.5.5.195  user=root
284,Dec,10,08:39:49,LabSZ,24408,Failed password for root from 106.5.5.195 port 50719 ssh2
285,Dec,10,08:39:59,LabSZ,24408,message repeated 5 times: [ Failed password for root from 106.5.5.195 port 50719 ssh2]
286,Dec,10,08:39:59,LabSZ,24408,Disconnecting: Too many authentication failures for root [preauth]
287,Dec,10,08:39:59,LabSZ,24408,PAM 5 more authentication failures; logname= uid=0 euid=0 tty=ssh ruser= rhost=106.5.5.195  user=root
288,Dec,10,08:39:59,LabSZ,24408,PAM service(sshd) ignoring max retries; 6 > 3
289,Dec,10,08:44:20,LabSZ,24410,Invalid user matlab from 52.80.34.196
290,Dec,10,08:44:20,LabSZ,24410,input_userauth_request: invalid user matlab [preauth]
291,Dec,10,08:44:20,LabSZ,24410,pam_unix(sshd:auth): check pass; user unknown
292,Dec,10,08:44:20,LabSZ,24410,pam_unix(sshd:auth): authentication failure; logname= uid=0 euid=0 tty=ssh ruser= rhost=ec2-52-80-34-196.cn-north-1.compute.amazonaws.com.cn
293,Dec,10,08:44:27,LabSZ,24410,Failed password for invalid user matlab from 52.80.34.196 port 46199 ssh2
294,Dec,10,08:44:27,LabSZ,24410,Received disconnect from 52.80.34.196: 11: Bye Bye [preauth]
295,Dec,10,09:04:46,LabSZ,24414,Did not receive identification string from 188.132.244.89
296,Dec,10,09:07:23,LabSZ,24415,Invalid user 0 from 185.190.58.151
297,Dec,10,09:07:23,LabSZ,24415,input_userauth_request: invalid user 0 [preauth]
298,Dec,10,09:07:23,LabSZ,24415,Failed none for invalid user 0 from 185.190.58.151 port 55495 ssh2
299,Dec,10,09:07:24,LabSZ,24415,Connection closed by 185.190.58.151 [preauth]
300,Dec,10,09:07:56,LabSZ,24417,Invalid user 123 from 185.190.58.151
301,Dec,10,09:07:56,LabSZ,24417,input_userauth_request: invalid user 123 [preauth]
302,Dec,10,09:07:56,LabSZ,24417,pam_unix(sshd:auth): check pass; user unknown
303,Dec,10,09:07:56,LabSZ,24417,pam_unix(sshd:auth): authentication failure; logname= uid=0 euid=0 tty=ssh ruser= rhost=185.190.58.151
304,Dec,10,09:07:58,LabSZ,24417,Failed password for invalid user 123 from 185.190.58.151 port 48700 ssh2
305,Dec,10,09:08:03,LabSZ,24417,Connection closed by 185.190.58.151 [preauth]
306,Dec,10,09:08:38,LabSZ,24419,Invalid user admin from 185.190.58.151
307,Dec,10,09:08:38,LabSZ,24419,input_userauth_request: invalid user admin [preauth]
308,Dec,10,09:08:38,LabSZ,24419,pam_unix(sshd:auth): check pass; user unknown
309,Dec,10,09:08:38,LabSZ,24419,pam_unix(sshd:auth): authentication failure; logname= uid=0 euid=0 tty=ssh ruser= rhost=185.190.58.151
310,Dec,10,09:08:40,LabSZ,24419,Failed password for invalid user admin from 185.190.58.151 port 49673 ssh2
311,Dec,10,09:08:44,LabSZ,24419,pam_unix(sshd:auth): check pass; user unknown
312,Dec,10,09:08:47,LabSZ,24419,Failed password for invalid user admin from 185.190.58.151 port 49673 ssh2
313,Dec,10,09:08:52,LabSZ,24419,pam_unix(sshd:auth): check pass; user unknown
314,Dec,10,09:08:54,LabSZ,24419,Failed password for invalid user admin from 185.190.58.151 port 49673 ssh2
315,Dec,10,09:08:59,LabSZ,24419,Connection closed by 185.190.58.151 [preauth]
316,Dec,10,09:08:59,LabSZ,24419,PAM 2 more authentication failures; logname= uid=0 euid=0 tty=ssh ruser= rhost=185.190.58.151
317,Dec,10,09:09:39,LabSZ,24421,Invalid user admin from 185.190.58.151
318,Dec,10,09:09:39,LabSZ,24421,input_userauth_request: invalid user admin [preauth]
319,Dec,10,09:09:39,LabSZ,24421,pam_unix(sshd:auth): check pass; user unknown
320,Dec,10,09:09:39,LabSZ,24421,pam_unix(sshd:auth): authentication failure; logname= uid=0 euid=0 tty=ssh ruser= rhost=185.190.58.151
321,Dec,10,09:09:42,LabSZ,24421,Failed password for invalid user admin from 185.190.58.151 port 41650 ssh2
322,Dec,10,09:09:54,LabSZ,24421,pam_unix(sshd:auth): check pass; user unknown
323,Dec,10,09:09:56,LabSZ,24421,Failed password for invalid user admin from 185.190.58.151 port 41650 ssh2
324,Dec,10,09:10:03,LabSZ,24421,pam_unix(sshd:auth): check pass; user unknown
325,Dec,10,09:10:06,LabSZ,24421,Failed password for invalid user admin from 185.190.58.151 port 41650 ssh2
326,Dec,10,09:10:09,LabSZ,24421,pam_unix(sshd:auth): check pass; user unknown
327,Dec,10,09:10:11,LabSZ,24421,Failed password for invalid user admin from 185.190.58.151 port 41650 ssh2
328,Dec,10,09:10:17,LabSZ,24421,pam_unix(sshd:auth): check pass; user unknown
329,Dec,10,09:10:19,LabSZ,24421,Failed password for invalid user admin from 185.190.58.151 port 41650 ssh2
330,Dec,10,09:10:32,LabSZ,24421,Connection closed by 185.190.58.151 [preauth]
331,Dec,10,09:10:32,LabSZ,24421,PAM 4 more authentication failures; logname= uid=0 euid=0 tty=ssh ruser= rhost=185.190.58.151
332,Dec,10,09:10:32,LabSZ,24421,PAM service(sshd) ignoring max retries; 5 > 3
333,Dec,10,09:11:00,LabSZ,24437,Invalid user admin from 185.190.58.151
334,Dec,10,09:11:00,LabSZ,24437,input_userauth_request: invalid user admin [preauth]
335,Dec,10,09:11:00,LabSZ,24437,pam_unix(sshd:auth): check pass; user unknown
336,Dec,10,09:11:00,LabSZ,24437,pam_unix(sshd:auth): authentication failure; logname= uid=0 euid=0 tty=ssh ruser= rhost=185.190.58.151
337,Dec,10,09:11:03,LabSZ,24437,Failed password for invalid user admin from 185.190.58.151 port 44155 ssh2
338,Dec,10,09:11:09,LabSZ,24437,pam_unix(sshd:auth): check pass; user unknown
339,Dec,10,09:11:11,LabSZ,24437,Failed password for invalid user admin from 185.190.58.151 port 44155 ssh2
340,Dec,10,09:11:16,LabSZ,24437,pam_unix(sshd:auth): check pass; user unknown
341,Dec,10,09:11:18,LabSZ,24437,Failed password for invalid user admin from 185.190.58.151 port 44155 ssh2
342,Dec,10,09:11:20,LabSZ,24439,Invalid user admin from 103.99.0.122
343,Dec,10,09:11:20,LabSZ,24439,input_userauth_request: invalid user admin [preauth]
344,Dec,10,09:11:20,LabSZ,24439,pam_unix(sshd:auth): check pass; user unknown
345,Dec,10,09:11:20,LabSZ,24439,pam_unix(sshd:auth): authentication failure; logname= uid=0 euid=0 tty=ssh ruser= rhost=103.99.0.122
346,Dec,10,09:11:21,LabSZ,24439,Failed password for invalid user admin from 103.99.0.122 port 55177 ssh2
347,Dec,10,09:11:22,LabSZ,24439,error: Received disconnect from 103.99.0.122: 14: No more user authentication methods available. [preauth]
348,Dec,10,09:11:23,LabSZ,24441,Invalid user support from 103.99.0.122
349,Dec,10,09:11:23,LabSZ,24441,input_userauth_request: invalid user support [preauth]
350,Dec,10,09:11:23,LabSZ,24441,pam_unix(sshd:auth): check pass; user unknown
351,Dec,10,09:11:23,LabSZ,24441,pam_unix(sshd:auth): authentication failure; logname= uid=0 euid=0 tty=ssh ruser= rhost=103.99.0.122
352,Dec,10,09:11:24,LabSZ,24437,pam_unix(sshd:auth): check pass; user unknown
353,Dec,10,09:11:25,LabSZ,24441,Failed password for invalid user support from 103.99.0.122 port 57317 ssh2
354,Dec,10,09:11:26,LabSZ,24441,error: Received disconnect from 103.99.0.122: 14: No more user authentication methods available. [preauth]
355,Dec,10,09:11:26,LabSZ,24443,Invalid user user from 103.99.0.122
356,Dec,10,09:11:26,LabSZ,24443,input_userauth_request: invalid user user [preauth]
357,Dec,10,09:11:26,LabSZ,24443,pam_unix(sshd:auth): check pass; user unknown
358,Dec,10,09:11:26,LabSZ,24443,pam_unix(sshd:auth): authentication failure; logname= uid=0 euid=0 tty=ssh ruser= rhost=103.99.0.122
359,Dec,10,09:11:26,LabSZ,24437,Failed password for invalid user admin from 185.190.58.151 port 44155 ssh2
360,Dec,10,09:11:28,LabSZ,24443,Failed password for invalid user user from 103.99.0.122 port 62581 ssh2
361,Dec,10,09:11:28,LabSZ,24443,error: Received disconnect from 103.99.0.122: 14: No more user authentication methods available. [preauth]
362,Dec,10,09:11:29,LabSZ,24445,pam_unix(sshd:auth): authentication failure; logname= uid=0 euid=0 tty=ssh ruser= rhost=103.99.0.122  user=root
363,Dec,10,09:11:31,LabSZ,24445,Failed password for root from 103.99.0.122 port 49486 ssh2
364,Dec,10,09:11:31,LabSZ,24445,error: Received disconnect from 103.99.0.122: 14: No more user authentication methods available. [preauth]
365,Dec,10,09:11:32,LabSZ,24447,Invalid user 1234 from 103.99.0.122
366,Dec,10,09:11:32,LabSZ,24447,input_userauth_request: invalid user 1234 [preauth]
367,Dec,10,09:11:32,LabSZ,24447,pam_unix(sshd:auth): check pass; user unknown
368,Dec,10,09:11:32,LabSZ,24447,pam_unix(sshd:auth): authentication failure; logname= uid=0 euid=0 tty=ssh ruser= rhost=103.99.0.122
369,Dec,10,09:11:33,LabSZ,24437,pam_unix(sshd:auth): check pass; user unknown
370,Dec,10,09:11:34,LabSZ,24447,Failed password for invalid user 1234 from 103.99.0.122 port 53950 ssh2
371,Dec,10,09:11:34,LabSZ,24447,error: Received disconnect from 103.99.0.122: 14: No more user authentication methods available. [preauth]
372,Dec,10,09:11:34,LabSZ,24437,Failed password for invalid user admin from 185.190.58.151 port 44155 ssh2
373,Dec,10,09:11:35,LabSZ,24449,pam_unix(sshd:auth): authentication failure; logname= uid=0 euid=0 tty=ssh ruser= rhost=103.99.0.122  user=root
374,Dec,10,09:11:37,LabSZ,24449,Failed password for root from 103.99.0.122 port 58123 ssh2
375,Dec,10,09:11:38,LabSZ,24449,error: Received disconnect from 103.99.0.122: 14: No more user authentication methods available. [preauth]
376,Dec,10,09:11:39,LabSZ,24451,Invalid user anonymous from 103.99.0.122
377,Dec,10,09:11:39,LabSZ,24451,input_userauth_request: invalid user anonymous [preauth]
378,Dec,10,09:11:39,LabSZ,24451,pam_unix(sshd:auth): check pass; user unknown
379,Dec,10,09:11:39,LabSZ,24451,pam_unix(sshd:auth): authentication failure; logname= uid=0 euid=0 tty=ssh ruser= rhost=103.99.0.122
380,Dec,10,09:11:40,LabSZ,24451,Failed password for invalid user anonymous from 103.99.0.122 port 54051 ssh2
381,Dec,10,09:11:41,LabSZ,24451,error: Received disconnect from 103.99.0.122: 14: No more user authentication methods available. [preauth]
382,Dec,10,09:11:41,LabSZ,24453,Invalid user admin from 103.99.0.122
383,Dec,10,09:11:41,LabSZ,24453,input_userauth_request: invalid user admin [preauth]
384,Dec,10,09:11:41,LabSZ,24453,pam_unix(sshd:auth): check pass; user unknown
385,Dec,10,09:11:41,LabSZ,24453,pam_unix(sshd:auth): authentication failure; logname= uid=0 euid=0 tty=ssh ruser= rhost=103.99.0.122
386,Dec,10,09:11:41,LabSZ,24437,Connection closed by 185.190.58.151 [preauth]
387,Dec,10,09:11:41,LabSZ,24437,PAM 4 more authentication failures; logname= uid=0 euid=0 tty=ssh ruser= rhost=185.190.58.151
388,Dec,10,09:11:41,LabSZ,24437,PAM service(sshd) ignoring max retries; 5 > 3
389,Dec,10,09:11:44,LabSZ,24453,Failed password for invalid user admin from 103.99.0.122 port 57750 ssh2
390,Dec,10,09:11:44,LabSZ,24453,error: Received disconnect from 103.99.0.122: 14: No more user authentication methods available. [preauth]
391,Dec,10,09:11:45,LabSZ,24456,Invalid user ubnt from 103.99.0.122
392,Dec,10,09:11:45,LabSZ,24456,input_userauth_request: invalid user ubnt [preauth]
393,Dec,10,09:11:45,LabSZ,24456,pam_unix(sshd:auth): check pass; user unknown
394,Dec,10,09:11:45,LabSZ,24456,pam_unix(sshd:auth): authentication failure; logname= uid=0 euid=0 tty=ssh ruser= rhost=103.99.0.122
395,Dec,10,09:11:47,LabSZ,24456,Failed password for invalid user ubnt from 103.99.0.122 port 60608 ssh2
396,Dec,10,09:11:47,LabSZ,24456,error: Received disconnect from 103.99.0.122: 14: No more user authentication methods available. [preauth]
397,Dec,10,09:11:48,LabSZ,24458,pam_unix(sshd:auth): authentication failure; logname= uid=0 euid=0 tty=ssh ruser= rhost=103.99.0.122  user=uucp
398,Dec,10,09:11:50,LabSZ,24458,Failed password for uucp from 103.99.0.122 port 64009 ssh2
399,Dec,10,09:11:50,LabSZ,24458,error: Received disconnect from 103.99.0.122: 14: No more user authentication methods available. [preauth]
400,Dec,10,09:11:51,LabSZ,24460,pam_unix(sshd:auth): authentication failure; logname= uid=0 euid=0 tty=ssh ruser= rhost=103.99.0.122  user=sshd
401,Dec,10,09:11:52,LabSZ,24460,Failed password for sshd from 103.99.0.122 port 51359 ssh2
402,Dec,10,09:11:52,LabSZ,24460,error: Received disconnect from 103.99.0.122: 14: No more user authentication methods available. [preauth]
403,Dec,10,09:11:53,LabSZ,24462,Invalid user admin from 103.99.0.122
404,Dec,10,09:11:53,LabSZ,24462,input_userauth_request: invalid user admin [preauth]
405,Dec,10,09:11:53,LabSZ,24462,pam_unix(sshd:auth): check pass; user unknown
406,Dec,10,09:11:53,LabSZ,24462,pam_unix(sshd:auth): authentication failure; logname= uid=0 euid=0 tty=ssh ruser= rhost=103.99.0.122
407,Dec,10,09:11:55,LabSZ,24462,Failed password for invalid user admin from 103.99.0.122 port 54739 ssh2
408,Dec,10,09:11:56,LabSZ,24462,error: Received disconnect from 103.99.0.122: 14: No more user authentication methods available. [preauth]
409,Dec,10,09:11:56,LabSZ,24464,Invalid user cisco from 103.99.0.122
410,Dec,10,09:11:56,LabSZ,24464,input_userauth_request: invalid user cisco [preauth]
411,Dec,10,09:11:56,LabSZ,24464,pam_unix(sshd:auth): check pass; user unknown
412,Dec,10,09:11:56,LabSZ,24464,pam_unix(sshd:auth): authentication failure; logname= uid=0 euid=0 tty=ssh ruser= rhost=103.99.0.122
413,Dec,10,09:11:57,LabSZ,24464,Failed password for invalid user cisco from 103.99.0.122 port 58309 ssh2
414,Dec,10,09:11:58,LabSZ,24464,error: Received disconnect from 103.99.0.122: 14: No more user authentication methods available. [preauth]
415,Dec,10,09:11:58,LabSZ,24467,Invalid user test from 103.99.0.122
416,Dec,10,09:11:58,LabSZ,24467,input_userauth_request: invalid user test [preauth]
417,Dec,10,09:11:58,LabSZ,24467,pam_unix(sshd:auth): check pass; user unknown
418,Dec,10,09:11:58,LabSZ,24467,pam_unix(sshd:auth): authentication failure; logname= uid=0 euid=0 tty=ssh ruser= rhost=103.99.0.122
419,Dec,10,09:12:00,LabSZ,24467,Failed password for invalid user test from 103.99.0.122 port 60250 ssh2
420,Dec,10,09:12:00,LabSZ,24467,error: Received disconnect from 103.99.0.122: 14: No more user authentication methods available. [preauth]
421,Dec,10,09:12:01,LabSZ,24469,Invalid user guest from 103.99.0.122
422,Dec,10,09:12:01,LabSZ,24469,input_userauth_request: invalid user guest [preauth]
423,Dec,10,09:12:01,LabSZ,24469,pam_unix(sshd:auth): check pass; user unknown
424,Dec,10,09:12:01,LabSZ,24469,pam_unix(sshd:auth): authentication failure; logname= uid=0 euid=0 tty=ssh ruser= rhost=103.99.0.122
425,Dec,10,09:12:03,LabSZ,24469,Failed password for invalid user guest from 103.99.0.122 port 63270 ssh2
426,Dec,10,09:12:03,LabSZ,24469,error: Received disconnect from 103.99.0.122: 14: No more user authentication methods available. [preauth]
427,Dec,10,09:12:04,LabSZ,24471,Invalid user user from 103.99.0.122
428,Dec,10,09:12:04,LabSZ,24471,input_userauth_request: invalid user user [preauth]
429,Dec,10,09:12:04,LabSZ,24471,pam_unix(sshd:auth): check pass; user unknown
430,Dec,10,09:12:04,LabSZ,24471,pam_unix(sshd:auth): authentication failure; logname= uid=0 euid=0 tty=ssh ruser= rhost=103.99.0.122
431,Dec,10,09:12:06,LabSZ,24471,Failed password for invalid user user from 103.99.0.122 port 49813 ssh2
432,Dec,10,09:12:06,LabSZ,24471,error: Received disconnect from 103.99.0.122: 14: No more user authentication methods available. [preauth]
433,Dec,10,09:12:06,LabSZ,24473,Invalid user operator from 103.99.0.122
434,Dec,10,09:12:06,LabSZ,24473,input_userauth_request: invalid user operator [preauth]
435,Dec,10,09:12:06,LabSZ,24473,pam_unix(sshd:auth): check pass; user unknown
436,Dec,10,09:12:06,LabSZ,24473,pam_unix(sshd:auth): authentication failure; logname= uid=0 euid=0 tty=ssh ruser= rhost=103.99.0.122
437,Dec,10,09:12:08,LabSZ,24455,Invalid user admin from 185.190.58.151
438,Dec,10,09:12:08,LabSZ,24455,input_userauth_request: invalid user admin [preauth]
439,Dec,10,09:12:08,LabSZ,24455,pam_unix(sshd:auth): check pass; user unknown
440,Dec,10,09:12:08,LabSZ,24455,pam_unix(sshd:auth): authentication failure; logname= uid=0 euid=0 tty=ssh ruser= rhost=185.190.58.151
441,Dec,10,09:12:08,LabSZ,24473,Failed password for invalid user operator from 103.99.0.122 port 53492 ssh2
442,Dec,10,09:12:09,LabSZ,24473,error: Received disconnect from 103.99.0.122: 14: No more user authentication methods available. [preauth]
443,Dec,10,09:12:10,LabSZ,24455,Failed password for invalid user admin from 185.190.58.151 port 49948 ssh2
444,Dec,10,09:12:10,LabSZ,24475,Invalid user admin from 103.99.0.122
445,Dec,10,09:12:10,LabSZ,24475,input_userauth_request: invalid user admin [preauth]
446,Dec,10,09:12:10,LabSZ,24475,pam_unix(sshd:auth): check pass; user unknown
447,Dec,10,09:12:10,LabSZ,24475,pam_unix(sshd:auth): authentication failure; logname= uid=0 euid=0 tty=ssh ruser= rhost=103.99.0.122
448,Dec,10,09:12:12,LabSZ,24475,Failed password for invalid user admin from 103.99.0.122 port 56901 ssh2
449,Dec,10,09:12:12,LabSZ,24475,error: Received disconnect from 103.99.0.122: 14: No more user authentication methods available. [preauth]
450,Dec,10,09:12:12,LabSZ,24477,pam_unix(sshd:auth): authentication failure; logname= uid=0 euid=0 tty=ssh ruser= rhost=103.99.0.122  user=root
451,Dec,10,09:12:15,LabSZ,24477,Failed password for root from 103.99.0.122 port 59841 ssh2
452,Dec,10,09:12:15,LabSZ,24477,error: Received disconnect from 103.99.0.122: 14: No more user authentication methods available. [preauth]
453,Dec,10,09:12:16,LabSZ,24479,Invalid user admin from 103.99.0.122
454,Dec,10,09:12:16,LabSZ,24479,input_userauth_request: invalid user admin [preauth]
455,Dec,10,09:12:16,LabSZ,24479,pam_unix(sshd:auth): check pass; user unknown
456,Dec,10,09:12:16,LabSZ,24479,pam_unix(sshd:auth): authentication failure; logname= uid=0 euid=0 tty=ssh ruser= rhost=103.99.0.122
457,Dec,10,09:12:18,LabSZ,24479,Failed password for invalid user admin from 103.99.0.122 port 63168 ssh2
458,Dec,10,09:12:18,LabSZ,24479,error: Received disconnect from 103.99.0.122: 14: No more user authentication methods available. [preauth]
459,Dec,10,09:12:19,LabSZ,24455,pam_unix(sshd:auth): check pass; user unknown
460,Dec,10,09:12:20,LabSZ,24481,Invalid user admin from 103.99.0.122
461,Dec,10,09:12:20,LabSZ,24481,input_userauth_request: invalid user admin [preauth]
462,Dec,10,09:12:20,LabSZ,24481,pam_unix(sshd:auth): check pass; user unknown
463,Dec,10,09:12:20,LabSZ,24481,pam_unix(sshd:auth): authentication failure; logname= uid=0 euid=0 tty=ssh ruser= rhost=103.99.0.122
464,Dec,10,09:12:21,LabSZ,24455,Failed password for invalid user admin from 185.190.58.151 port 49948 ssh2
465,Dec,10,09:12:21,LabSZ,24481,Failed password for invalid user admin from 103.99.0.122 port 50011 ssh2
466,Dec,10,09:12:21,LabSZ,24481,error: Received disconnect from 103.99.0.122: 14: No more user authentication methods available. [preauth]
467,Dec,10,09:12:22,LabSZ,24483,Invalid user admin from 103.99.0.122
468,Dec,10,09:12:22,LabSZ,24483,input_userauth_request: invalid user admin [preauth]
469,Dec,10,09:12:22,LabSZ,24483,pam_unix(sshd:auth): check pass; user unknown
470,Dec,10,09:12:22,LabSZ,24483,pam_unix(sshd:auth): authentication failure; logname= uid=0 euid=0 tty=ssh ruser= rhost=103.99.0.122
471,Dec,10,09:12:24,LabSZ,24483,Failed password for invalid user admin from 103.99.0.122 port 53531 ssh2
472,Dec,10,09:12:24,LabSZ,24483,error: Received disconnect from 103.99.0.122: 14: No more user authentication methods available. [preauth]
473,Dec,10,09:12:24,LabSZ,24485,pam_unix(sshd:auth): authentication failure; logname= uid=0 euid=0 tty=ssh ruser= rhost=103.99.0.122  user=ftp
474,Dec,10,09:12:26,LabSZ,24485,Failed password for ftp from 103.99.0.122 port 56079 ssh2
475,Dec,10,09:12:27,LabSZ,24455,Connection closed by 185.190.58.151 [preauth]
476,Dec,10,09:12:27,LabSZ,24455,PAM 1 more authentication failure; logname= uid=0 euid=0 tty=ssh ruser= rhost=185.190.58.151
477,Dec,10,09:12:27,LabSZ,24485,error: Received disconnect from 103.99.0.122: 14: No more user authentication methods available. [preauth]
478,Dec,10,09:12:28,LabSZ,24488,Invalid user monitor from 103.99.0.122
479,Dec,10,09:12:28,LabSZ,24488,input_userauth_request: invalid user monitor [preauth]
480,Dec,10,09:12:28,LabSZ,24488,pam_unix(sshd:auth): check pass; user unknown
481,Dec,10,09:12:28,LabSZ,24488,pam_unix(sshd:auth): authentication failure; logname= uid=0 euid=0 tty=ssh ruser= rhost=103.99.0.122
482,Dec,10,09:12:30,LabSZ,24488,Failed password for invalid user monitor from 103.99.0.122 port 59812 ssh2
483,Dec,10,09:12:30,LabSZ,24488,error: Received disconnect from 103.99.0.122: 14: No more user authentication methods available. [preauth]
484,Dec,10,09:12:30,LabSZ,24490,Invalid user ftpuser from 103.99.0.122
485,Dec,10,09:12:30,LabSZ,24490,input_userauth_request: invalid user ftpuser [preauth]
486,Dec,10,09:12:30,LabSZ,24490,pam_unix(sshd:auth): check pass; user unknown
487,Dec,10,09:12:30,LabSZ,24490,pam_unix(sshd:auth): authentication failure; logname= uid=0 euid=0 tty=ssh ruser= rhost=103.99.0.122
488,Dec,10,09:12:32,LabSZ,24490,Failed password for invalid user ftpuser from 103.99.0.122 port 62891 ssh2
489,Dec,10,09:12:32,LabSZ,24490,error: Received disconnect from 103.99.0.122: 14: No more user authentication methods available. [preauth]
490,Dec,10,09:12:33,LabSZ,24492,Invalid user pi from 103.99.0.122
491,Dec,10,09:12:33,LabSZ,24492,input_userauth_request: invalid user pi [preauth]
492,Dec,10,09:12:33,LabSZ,24492,pam_unix(sshd:auth): check pass; user unknown
493,Dec,10,09:12:33,LabSZ,24492,pam_unix(sshd:auth): authentication failure; logname= uid=0 euid=0 tty=ssh ruser= rhost=103.99.0.122
494,Dec,10,09:12:35,LabSZ,24492,Failed password for invalid user pi from 103.99.0.122 port 49289 ssh2
495,Dec,10,09:12:35,LabSZ,24492,error: Received disconnect from 103.99.0.122: 14: No more user authentication methods available. [preauth]
496,Dec,10,09:12:35,LabSZ,24494,Invalid user PlcmSpIp from 103.99.0.122
497,Dec,10,09:12:35,LabSZ,24494,input_userauth_request: invalid user PlcmSpIp [preauth]
498,Dec,10,09:12:35,LabSZ,24494,pam_unix(sshd:auth): check pass; user unknown
499,Dec,10,09:12:35,LabSZ,24494,pam_unix(sshd:auth): authentication failure; logname= uid=0 euid=0 tty=ssh ruser= rhost=103.99.0.122
500,Dec,10,09:12:37,LabSZ,24494,Failed password for invalid user PlcmSpIp from 103.99.0.122 port 51966 ssh2
